bithumbshiny, 0, 33022000, 0.00000000000000000, 0.00000000000000000, 0, []
gi3tiojtguge, 0, 226711783898, 0.00000000000000000, 0.00000000000000000, 0, []
okexoffiline, undefined, undefined, undefined, undefined, undefined, undefined
bitfinexcw55, 0, 6000, 0.00000000000000000, 0.00000000000000000, 0, []
hezdeobug4ge, 0, 3999, 0.00000000000000000, 0.00000000000000000, 0, []
hezdeobugage, 0, 10862, 0.00000000000000000, 0.00000000000000000, 0, []
gm3tombuguge, 0, 1900000, 120115705357933344.00000000000000000, 0.00000000000000000, 0, []
ebekjijzrdxk, undefined, undefined, undefined, undefined, undefined, undefined
g4ydgmjug4ge, 0, 164369143646, 0.00000000000000000, 0.00000000000000000, 0, []
binancecleos, 0, 2000, 0.00000000000000000, 0.00000000000000000, 0, []
winterishere, 0, 100000, 0.00000000000000000, 0.00000000000000000, 0, []
hezdeobuhege, 0, 3262, 1225541197.19825124740600586, 0.00000000000000000, 0, ["bp2bp2bp2bp2","eosbeijingbp","eoscannonchn","eosfishrocks","eosiosg11111","eosliquideos","eosstorebest","zbeosbp11111"]
vuniyuoxoeub, 0, 30100000, 0.00000000000000000, 0.00000000000000000, 0, []
eosio.saving, undefined, undefined, undefined, undefined, undefined, undefined
ha2tsmzqhege, 0, 117623036702, 47236916202742392.00000000000000000, 0.00000000000000000, 0, ["eoshuobipool","zbeosbp11111"]
guzdkmrtgage, 0, 103001896501, 47897604470649664.00000000000000000, 0.00000000000000000, 0, ["argentinaeos","aus1genereos","cryptolions1","cypherglasss","eos42freedom","eosamsterdam","eosasia11111","eosauthority","eoscafeblock","eoscanadacom","eoscannonchn","eosdacserver","eosflareiobp","eosiomeetone","eosisgravity","eosliquideos","eosnewyorkio","eosriobrazil","eosswedenorg","eostitanprod","eosyskoreabp","hkeoshkeosbp","libertyblock","teamgreymass"]
okbtothemoon, 0, 6954000, 0.00000000000000000, 0.00000000000000000, 0, []
gy2dsnjugige, 0, 74999908776, 0.00000000000000000, 0.00000000000000000, 0, []
bpvoter.one, 0, 11225000, 0.00000000000000000, 0.00000000000000000, 0, []
giytemzyhege, 0, 1980000, 0.00000000000000000, 0.00000000000000000, 0, []
se4xjymvrkcg, 0, 58986840000, 27429867092457532.00000000000000000, 0.00000000000000000, 0, ["acroeos12345","argentinaeos","bitfinexeos1","eosasia11111","eoscandyone1","eoslaomaocom","eosonoeosono","eospacificbp","eosriobrazil","eosuestciobp","eoswinwinwin","helloeoscnbp","oraclegogogo","teamgreymass"]
vdxjamspwcsu, eoshuobifund, 50000041000, 23250855262757380.00000000000000000, 0.00000000000000000, 0, []
ycheosforzb4, undefined, undefined, undefined, undefined, undefined, undefined
dunamueoshot, 0, 11100001, 0.00000000000000000, 0.00000000000000000, 0, []
x5nvb1tucqk2, 0, 45450000000, 20579005489292392.00000000000000000, 0.00000000000000000, 0, ["acroeos12345","bitfinexeos1","eosasia11111","eoscandyone1","eoscannonchn","eosflytomars","eoslaomaocom","eosmotioneos","eosonoeosono","eoswinwinwin","unlimitedeos"]
gyzdgmbqgage, 0, 42966272100, 19454414728280100.00000000000000000, 0.00000000000000000, 0, ["atticlabeosb","cochainworld","eosbixinboot","eoslaomaocom","eospaceioeos","eospacificbp","eosuestciobp","zbeosbp11111"]
wngsfcarhzkt, 0, 41686920000, 18875145335790820.00000000000000000, 0.00000000000000000, 0, ["acroeos12345","argentinaeos","atticlabeosb","eosasia11111","eosauthority","eoscanadacom","eoscandyone1","eoscannonchn","eosfishrocks","eosflytomars","eoslaomaocom","eosmotioneos","eosnewyorkio","eosonoeosono","eosriobrazil","eosstorebest","eosswedenorg","eoswinwinwin","jedaaaaaaaaa","sheleaders21","starteosiobp","teamgreymass","unlimitedeos"]
aspovhegmfke, madeofstarks, 40000000000, 18111335964173724.00000000000000000, 0.00000000000000000, 0, []
bitfinexcw13, bitfinexvp13, 40000000000, 15434125461800634.00000000000000000, 0.00000000000000000, 0, []
vwgumvhjzkvn, 0, 1100000, 0.00000000000000000, 0.00000000000000000, 0, []
g4ydomrxhege, 0, 30060000, 0.00000000000000000, 0.00000000000000000, 0, []
chainceoneos, 0, 10000000, 0.00000000000000000, 0.00000000000000000, 0, []
ha4tqojrgige, 0, 33655342560, 15238580402337864.00000000000000000, 0.00000000000000000, 0, ["atticlabeosb","cochainworld","eosantpoolbp","eosbeijingbp","eoscannonchn","eosfishrocks","eoshuobipool","eosiomeetone","eosiosg11111","eosisgravity","eoslambdacom","eoslaomaocom","eosliquideos","eosmotioneos","eospaceioeos","eosstorebest","eossv12eossv","eosvolgabpru","eoswenzhoubp","jedaaaaaaaaa","qxeosqxeosbp","starteosiobp","unlimitedeos","zbeosbp11111"]
eosio.unregd, undefined, undefined, undefined, undefined, undefined, undefined
gqztgmrwgene, 0, 32860321108, 0.00000000000000000, 0.00000000000000000, 0, []
gqztgmjzgene, 0, 32707230654, 0.00000000000000000, 0.00000000000000000, 0, []
eostothemoon, willshotmoon, 32500075341, 14138643630576382.00000000000000000, 0.00000000000000000, 0, []
bitfinexcw11, bitfinexvp11, 30000000000, 11575594096350476.00000000000000000, 0.00000000000000000, 0, []
vtlihyjbselb, hptproxy2222, 30000041000, 13950520783928700.00000000000000000, 0.00000000000000000, 0, []
vcgqdyepghel, divinerapier, 30000041000, 13950520783928700.00000000000000000, 0.00000000000000000, 0, []
vqudinrrqkus, hptproxy1111, 30000041000, 13950520783928700.00000000000000000, 0.00000000000000000, 0, []
vxnfrgktdscf, hptproxy3333, 30000041000, 13950520783928700.00000000000000000, 0.00000000000000000, 0, []
bitfinexcw24, bitfinexvp24, 30000006000, 11422320400260644.00000000000000000, 0.00000000000000000, 0, []
bitfinexcw15, bitfinexvp15, 30000006000, 11422320400260644.00000000000000000, 0.00000000000000000, 0, []
bitfinexcw32, bitfinexvp32, 30000006000, 11422320400260644.00000000000000000, 0.00000000000000000, 0, []
bitfinexcw21, bitfinexvp21, 30000006000, 11422320400260644.00000000000000000, 0.00000000000000000, 0, []
bitfinexcw25, bitfinexvp25, 30000006000, 11422320400260644.00000000000000000, 0.00000000000000000, 0, []
bitfinexcw31, bitfinexvp31, 30000006000, 11422320400260644.00000000000000000, 0.00000000000000000, 0, []
bitfinexcw23, bitfinexvp23, 30000006000, 11422320400260644.00000000000000000, 0.00000000000000000, 0, []
bitfinexcw33, bitfinexvp33, 30000006000, 11422320400260644.00000000000000000, 0.00000000000000000, 0, []
bitfinexcw22, bitfinexvp22, 30000006000, 11422320400260644.00000000000000000, 0.00000000000000000, 0, []
bitfinexcw12, bitfinexvp12, 30000000000, 11575594096350476.00000000000000000, 0.00000000000000000, 0, []
bitfinexcw14, bitfinexvp14, 30000000000, 11575594096350476.00000000000000000, 0.00000000000000000, 0, []
hazdcojrgyge, haydinruhage, 25398827921, 10616220759179060.00000000000000000, 0.00000000000000000, 0, []
krakenkraken, 0, 20000000, 0.00000000000000000, 0.00000000000000000, 0, []
ge3dknjugige, 0, 27907963283, 10625787819413634.00000000000000000, 0.00000000000000000, 0, ["argentinaeos","costaricaeos","cryptolions1","eosmesodotio","eosnairobike","eosphereiobp","eosvenezuela"]
eosio.ram, undefined, undefined, undefined, undefined, undefined, undefined
gezdgojygene, 0, 22831853267, 0.00000000000000000, 0.00000000000000000, 0, []
qpalzmwoskxg, 0, 600020000, 271679095130587.93750000000000000, 0.00000000000000000, 0, ["eosliquideos"]
gy2tkojrg4ge, 0, 22619478678, 10241724441793052.00000000000000000, 0.00000000000000000, 0, ["atticlabeosb","cochainworld","eosantpoolbp","eosbeijingbp","eosbixinboot","eoscandyone1","eoscannonchn","eoscybexiobp","eosfishrocks","eosflytomars","eoshuobipool","eosiomeetone","eosiosg11111","eosisgravity","eoslambdacom","eoslaomaocom","eosliquideos","eospaceioeos","eosplayworld","eosstorebest","eossv12eossv","eosvolgabpru","eoswenzhoubp","eoswinwinwin","jedaaaaaaaaa","oraclegogogo","starteosiobp","unlimitedeos","zbeosbp11111"]
guytcojzguge, 0, 40000, 11086339043193170.00000000000000000, 0.00000000000000000, 0, []
gu4dgojygege, 0, 42481, 0.00000000000000000, 0.00000000000000000, 0, []
izcv2brw3sqe, 0, 15414730000, 7168107245041740.00000000000000000, 0.00000000000000000, 0, ["acroeos12345","alohaeosprod","blockmatrix1","cryptolions1","eosasia11111","eosbeijingbp","eosbixinboot","eoscafeblock","eoscandyone1","eoscannonchn","eosisgravity","eoslaomaocom","eosnationftw","eosonoeosono","eospacificbp","eosriobrazil","eosswedenorg","eosunion1111","eoswingdotio","eoswinwinwin","geosoneforbp","helloeoscnbp","hkeoshkeosbp","jedaaaaaaaaa","jrrcryptoeos","oraclegogogo","tokenika4eos"]
gezdgojsgene, 0, 20937243850, 0.00000000000000000, 0.00000000000000000, 0, []
gm3dcnqgenes, 0, 150000, 67917509865.65146636962890625, 0.00000000000000000, 0, ["argentinaeos","aus1genereos","bitfinexeos1","cryptolions1","cypherglasss","eos42freedom","eosamsterdam","eosauthority","eoscafeblock","eoscanadacom","eoscannonchn","eosdacserver","eosdublinwow","eoseouldotio","eosflytomars","eosiomeetone","eosisgravity","eoslaomaocom","eosliquideos","eosnationftw","eosnewyorkio","eosriobrazil","eosswedenorg","eosyskoreabp","jedaaaaaaaaa","libertyblock","sheos21sheos","teamgreymass","tokenika4eos"]
guztoojqgege, 0, 20696271732, 9124404636447192.00000000000000000, 0.00000000000000000, 0, ["acroeos12345","bpacbpacbpac","bpkhmereoskh","eosfishrocks","eosholdings1","eoshuobipool","eosliquideos","eosvietnambp","libertyblock","philippinebp","sheos21sheos"]
ha2tanbqg4ge, 0, 222768786, 0.00000000000000000, 0.00000000000000000, 0, []
gmytmnjxhege, 0, 20059886075, 7844035229484434.00000000000000000, 0.00000000000000000, 0, ["argentinaeos","aus1genereos","blocksmithio","cryptolions1","cypherglasss","eos42freedom","eosafricaone","eosamsterdam","eosasia11111","eosauthority","eoscanadacom","eoscannonchn","eosdublinwow","eoseouldotio","eosfishrocks","eosiomeetone","eosnairobike","eosnodeonebp","eosphereiobp","eosriobrazil","eossv12eossv","eosswedenorg","eosvenezuela","eosyskoreabp","hkeoshkeosbp","libertyblock","sheos21sheos","teamgreymass","tokenika4eos"]
gezdenbtgene, 0, 20006582744, 0.00000000000000000, 0.00000000000000000, 0, []
vdcseqykmyrd, huobiproxy33, 20000041000, 9300353544514360.00000000000000000, 0.00000000000000000, 0, []
vdvrbmlpacqz, huobiproxy22, 20000041000, 9300353544514360.00000000000000000, 0.00000000000000000, 0, []
vqbhjbutawdh, huobiproxy11, 20000041000, 9300353544514360.00000000000000000, 0.00000000000000000, 0, []
vumwtfajoomk, huobiproxy44, 20000041000, 9300353544514360.00000000000000000, 0.00000000000000000, 0, []
vtdrjyxkwysj, 0, 20000041000, 9300353544514360.00000000000000000, 0.00000000000000000, 0, ["aus1genereos","bitfinexeos1","blockmatrix1","cryptolions1","dposclubprod","eosantpoolbp","eosasia11111","eosbeijingbp","eosbixinboot","eoscannonchn","eosecoeoseco","eoseouldotio","eosflytomars","eoshuobipool","eosiomeetone","eosisgravity","eoslaomaocom","eosriobrazil","eosstorebest","eossv12eossv","eosthushuimu","eostribeprod","eosunion1111","geosoneforbp","helloeoscnbp","hkeoshkeosbp","jrrcryptoeos","oraclegogogo","sheleaders21","sheos21sheos"]
ycheosforzb3, 0, 0, 0.00000000000000000, 0.00000000000000000, 0, ["eosbixinboot","zbeosbp11111"]
uixcernmdjhf, madeofstarks, 20000010000, 9055672509920852.00000000000000000, 0.00000000000000000, 0, []
eosforbp2222, 0, 20000000000, 8817437995210791.00000000000000000, 0.00000000000000000, 0, ["atticlabeosb","bitfinexeos1","cochainworld","eosantpoolbp","eosbeijingbp","eosbixinboot","eoscannonchn","eosfishrocks","eoshuobipool","eoslambdacom","eospaceioeos","eospacificbp","zbeosbp11111"]
yangeosforz4, 0, 20000000000, 8817437995210791.00000000000000000, 0.00000000000000000, 0, ["atticlabeosb","cochainworld","eosantpoolbp","eosbeijingbp","eosbixinboot","eoscannonchn","eosfishrocks","eosiosg11111","eoslambdacom","eospaceioeos","eospacificbp","jedaaaaaaaaa","zbeosbp11111"]
qaojw3dryghl, 0, 20000000000, 8031915775549638.00000000000000000, 0.00000000000000000, 0, ["eosbixinboot","eoslaomaocom","jrrcryptoeos","sheleaders21"]
gq4dinigenes, 0, 771200, 0.00000000000000000, 0.00000000000000000, 0, []
eosio.ramfee, undefined, undefined, undefined, undefined, undefined, undefined
gezdgnjzgene, 0, 19149092124, 0.00000000000000000, 0.00000000000000000, 0, []
gezdenbygene, 0, 19146944563, 0.00000000000000000, 0.00000000000000000, 0, []
haytmmjrgige, 0, 108400, 49081720462.91078948974609375, 0.00000000000000000, 0, ["eosauthority","eoscanadacom","eosnewyorkio"]
gezdenzugene, 0, 16084215098, 0.00000000000000000, 0.00000000000000000, 0, []
gezdcobsgene, 0, 15288452668, 0.00000000000000000, 0.00000000000000000, 0, []
bitfinexdep1, 0, 1580000, 0.00000000000000000, 0.00000000000000000, 0, []
ha2dimjqg4ge, lukeeosproxy, 15011900000, 6980784558136412.00000000000000000, 0.00000000000000000, 0, []
vawzvsywbzcc, 0, 41000, 19065685681.59879302978515625, 0.00000000000000000, 0, ["atticlabeosb","cochainworld","eosantpoolbp","eosbeijingbp","eosbepalsafe","eosbixinboot","eoscleanerbp","eosdotwikibp","eosfishrocks","eosflytomars","eosgalaxybp1","eosgenblockp","eoshenzhenio","eoslambdacom","eoslaomaocom","eospaceioeos","eospacificbp","eosuestciobp","geosoneforbp","jedaaaaaaaaa","oraclegogogo","qxeosqxeosbp","starteosiobp","unlimitedeos","zbeosbp11111"]
eosforbp1111, 0, 15000000000, 6439106393353285.00000000000000000, 0.00000000000000000, 0, ["bitfinexeos1","eosbeijingbp","eosbixinboot","eosgenblockp","eoshuobipool","eosunion1111","starteosiobp","zbeosbp11111"]
eosforbp3333, 0, 15000000000, 6023936831662228.00000000000000000, 0.00000000000000000, 0, ["bitfinexeos1","eosbixinboot","eoshuobipool","eospacificbp","eosunion1111","starteosiobp","zbeosbp11111"]
gezdenjxgene, 0, 14882807848, 0.00000000000000000, 0.00000000000000000, 0, []
gq2tknagenes, 0, 14429012037, 5349233004215019.00000000000000000, 0.00000000000000000, 0, ["cypherglasss","eoscafeblock","eosswedenorg"]
gy3dgojyhage, 0, 14000000000, 6338967587460803.00000000000000000, 0.00000000000000000, 0, ["atticlabeosb","cochainworld","eosbeijingbp","eosbixinboot","eoscannonchn","eoscybexiobp","eosfishrocks","eosflytomars","eoshenzhenio","eosiomeetone","eosiosg11111","eoslaomaocom","eosmedinodes","eospaceioeos","eospacificbp","eosplayworld","eosstorebest","eosvolgabpru","geosoneforbp","helloeoscnbp","jedaaaaaaaaa","oraclegogogo","qxeosqxeosbp","starteosiobp","syndicateoss","unlimitedeos"]
gezdgnjsgene, 0, 13891861622, 0.00000000000000000, 0.00000000000000000, 0, []
gezdemrrgene, 0, 13870513761, 0.00000000000000000, 0.00000000000000000, 0, []
aircondition, hellokristie, 13674153000, 6028549810726281.00000000000000000, 0.00000000000000000, 0, []
fjs3ipzchgmu, 0, 13557180000, 6220838061400275.00000000000000000, 0.00000000000000000, 0, ["bitfinexeos1","eosantpoolbp","eosasia11111","eosbixinboot","eoscannonchn","eosflytomars","eoshenzhenio","eosisgravity","eoslaomaocom","eosmotioneos","geosoneforbp","helloeoscnbp","jrrcryptoeos","oraclegogogo"]
gezdgnrvgene, 0, 13153407268, 0.00000000000000000, 0.00000000000000000, 0, []
gezdgnzqgene, 0, 12808877048, 0.00000000000000000, 0.00000000000000000, 0, []
eoswithmixin, 0, 3000000, 0.00000000000000000, 0.00000000000000000, 0, []
gm2dqnjugmge, 0, 12121412423, 0.00000000000000000, 0.00000000000000000, 0, []
gezdembwgene, 0, 11879469899, 0.00000000000000000, 0.00000000000000000, 0, []
2joo3r3mf1oa, 0, 2000, 0.00000000000000000, 0.00000000000000000, 0, []
ha4tsmrthage, 0, 11693123050, 5294452000724344.00000000000000000, 0.00000000000000000, 0, ["atticlabeosb","cochainworld","eosantpoolbp","eosasia11111","eosbeijingbp","eosbixinboot","eoscanadacom","eoscandyone1","eoscannonchn","eosfishrocks","eoshuobipool","eosiomeetone","eosiosg11111","eosisgravity","eoslambdacom","eoslaomaocom","eosliquideos","eosmotioneos","eospaceioeos","eosstorebest","eossv12eossv","eosunion1111","eosvolgabpru","eoswancloud1","eoswenzhoubp","eoswinwinwin","oraclegogogo","starteosiobp","unlimitedeos","zbeosbp11111"]
lemmingsfund, 0, 11446650000, 5252401752837054.00000000000000000, 0.00000000000000000, 0, ["auroraeoscom"]
gi2dgnzzgige, 0, 11093554315, 4112686767720515.00000000000000000, 0.00000000000000000, 0, ["bp2bp2bp2bp2","bpacbpacbpac","bpkhmereoskh","eosfishrocks","eoslaomaocom","eosliquideos","eosonoeosono","eosvietnambp","libertyblock","philippinebp","sheos21sheos"]
guydsnbsgige, 0, 7782674, 0.00000000000000000, 0.00000000000000000, 0, []
sz1tkw34otro, xfvkn4yzvgum, 10844860000, 4976264817503152.00000000000000000, 0.00000000000000000, 0, []
khrulqcqopt2, 2buvnbt2p2vp, 10826730000, 4967945698478902.00000000000000000, 0.00000000000000000, 0, []
poloniexeos1, 0, 107000, 0.00000000000000000, 0.00000000000000000, 0, []
eoswalletold, undefined, undefined, undefined, undefined, undefined, undefined
ge3tanjxgige, 0, 5605500000, 2606651246053708.00000000000000000, 0.00000000000000000, 0, ["auroraeoscom","cryptolions1","cypherglasss","eosiomeetone","hkeoshkeosbp"]
gqytknygenes, 0, 10335857963, 0.00000000000000000, 0.00000000000000000, 0, []
guytonjyg4ge, 0, 5445414267, 2018765362726527.50000000000000000, 0.00000000000000000, 0, ["acroeos12345","blockmatrix1","bp2bp2bp2bp2","bpacbpacbpac","bpkhmereoskh","cryptolions1","eos42freedom","eosarabianet","eosasia11111","eoscafeblock","eoscanadacom","eoscannonchn","eosdacserver","eosfishrocks","eosholdings1","eosliquideos","eosmetaliobp","eosnairobike","eosnationftw","eosnewyorkio","eosnodeonebp","eosriobrazil","eossocalprod","eosswedenorg","eostribeprod","eosvietnambp","libertyblock","sheos21sheos","tokenika4eos"]
gu2tkmztgige, 0, 10379091732, 4762542718263717.00000000000000000, 0.00000000000000000, 0, ["acroeos12345","atticlabeosb","eosantpoolbp","eosasia11111","eosauthority","eosbeijingbp","eosbixinboot","eoscannonchn","eosdublinwow","eosfishrocks","eosflytomars","eoshenzhenio","eosisgravity","eoslambdacom","eoslaomaocom","eoslawyereos","eosmedinodes","eosnodeonebp","eospacificbp","eosstorebest","eossv12eossv","eostark11111","eosunion1111","geosoneforbp","jedaaaaaaaaa","jrrcryptoeos","qxeosqxeosbp","sheleaders21","starteosiobp","zbeosbp11111"]
pxneosincome, undefined, undefined, undefined, undefined, undefined, undefined
ge4denjsgage, 0, 10001187020, 0.00000000000000000, 0.00000000000000000, 0, []
vvpoxnzkumsv, huobiproxy55, 10000041000, 4650186305100021.00000000000000000, 0.00000000000000000, 0, []
vmlhksgswuca, huobiproxy11, 10000041000, 4650186305100021.00000000000000000, 0.00000000000000000, 0, []
vubhblsuryem, galaxypirate, 10000041000, 4650186305100021.00000000000000000, 0.00000000000000000, 0, []
vnnfmmimozgc, huobiproxy22, 10000041000, 4650186305100021.00000000000000000, 0.00000000000000000, 0, []
yangeosforz5, 0, 10000000000, 4527833991043431.00000000000000000, 0.00000000000000000, 0, ["atticlabeosb","cochainworld","eosbeijingbp","eoslaomaocom","eospaceioeos","eosuestciobp","starteosiobp","zbeosbp11111"]
yangeosforz1, 0, 10000020000, 4527843046711413.00000000000000000, 0.00000000000000000, 0, ["atticlabeosb","cochainworld","eosbeijingbp","eosbixinboot","eoscannonchn","eosfishrocks","eosisgravity","eoslaomaocom","eospaceioeos","eosuestciobp","eosunion1111","jedaaaaaaaaa","jrrcryptoeos","oraclegogogo","zbeosbp11111"]
steamcapital, 0, 9000004000, 4075052403072684.00000000000000000, 0.00000000000000000, 0, ["eoscannonchn","eosisgravity","helloeoscnbp"]
daoxiangqvqv, nnnnnnnnnnnz, 10000000000, 4350341801435759.00000000000000000, 0.00000000000000000, 0, []
daoxiangququ, longgevvdong, 10000000000, 4350341801435759.00000000000000000, 0.00000000000000000, 0, []
falleninlove, dongdongxxxx, 10000100000, 4350385304853773.00000000000000000, 0.00000000000000000, 0, []
folleninlove, donglovelong, 10000000000, 4350341801435759.00000000000000000, 0.00000000000000000, 0, []
asey1xkh2nht, bpgovernance, 9857510000, 4523210092263570.00000000000000000, 0.00000000000000000, 0, []
gateiowallet, 0, 10000000, 0.00000000000000000, 0.00000000000000000, 0, []
3udul2oxofyi, lzzikr2m131t, 9177050000, 4210974696166414.50000000000000000, 0.00000000000000000, 0, []
ge2tsmbzg4ge, 0, 9158972965, 0.00000000000000000, 0.00000000000000000, 0, []
wallet4bixin, 0, 200000, 0.00000000000000000, 0.00000000000000000, 0, []
tokenbankpro, 0, 1622000, 0.00000000000000000, 0.00000000000000000, 0, []
gu3domzrhege, eostotheboom, 8060646446, 3194257949819892.00000000000000000, 0.00000000000000000, 0, []
eoswarm1ledg, 0, 10000, 0.00000000000000000, 0.00000000000000000, 0, []
newzealand13, 0, 2000, 0.00000000000000000, 0.00000000000000000, 0, []
vrmapriliojz, e2e2e2e2e2e2, 8000041000, 3622285756954108.00000000000000000, 0.00000000000000000, 0, []
ge4dknjygyge, 0, 7999904984, 0.00000000000000000, 0.00000000000000000, 0, []
ge4dimrzhege, 0, 7999902287, 0.00000000000000000, 0.00000000000000000, 0, []
gy4tsobxguge, 0, 7867517499, 0.00000000000000000, 0.00000000000000000, 0, []
otcbtcdotcom, 0, 3000000, 0.00000000000000000, 0.00000000000000000, 0, []
gm2tgmigenes, 0, 7669762427, 0.00000000000000000, 0.00000000000000000, 0, []
gqydmmrygmge, 0, 7544704808, 0.00000000000000000, 0.00000000000000000, 0, []
gezdimbvgene, 0, 7345664720, 0.00000000000000000, 0.00000000000000000, 0, []
amandaamanda, 0, 3000000000, 1376577885976348.00000000000000000, 0.00000000000000000, 0, ["eoscannonchn","eosiomeetone","eoslaomaocom","eosstorebest"]
gq2tiobzguge, 0, 184336, 0.00000000000000000, 0.00000000000000000, 0, []
gyztqobsgege, 0, 3980000000, 1535695483449163.00000000000000000, 0.00000000000000000, 0, ["eosantpoolbp","eoscannonchn","eosholdings1","eosnewyorkio","eosyskoreabp","jedaaaaaaaaa","sheos21sheos","stakedstaked"]
st2xwkjconuh, x2qkz5yqw5n4, 7089440000, 3253055442652053.50000000000000000, 0.00000000000000000, 0, []
gi2dsnzrgmge, 0, 6999900000, 0.00000000000000000, 0.00000000000000000, 0, []
gopaxdeposit, 0, 6000000, 0.00000000000000000, 0.00000000000000000, 0, []
hazdqojtgqge, 0, 6842677698, 2536769481201289.50000000000000000, 0.00000000000000000, 0, ["blockmatrix1","bp2bp2bp2bp2","bpacbpacbpac","bpkhmereoskh","eoscafeblock","eosdublinwow","eosholdings1","eosmetaliobp","eosnairobike","eossocalprod","eostribeprod","eosvietnambp","hkeoshkeosbp","libertyblock","philippinebp","sheleaders21","sheos21sheos","tokenika4eos"]
kucoincenter, 0, 20000, 0.00000000000000000, 0.00000000000000000, 0, []
gq3timbugene, 0, 6548919684, 0.00000000000000000, 0.00000000000000000, 0, []
gy2dgmrshage, 0, 6508616057, 2545069969760337.50000000000000000, 0.00000000000000000, 0, ["argentinaeos","aus1genereos","blocksmithio","cryptolions1","cypherglasss","eos42freedom","eosafricaone","eosamsterdam","eosasia11111","eosauthority","eoscanadacom","eoscannonchn","eosdublinwow","eoseouldotio","eosfishrocks","eosiomeetone","eosnairobike","eosnodeonebp","eosphereiobp","eosriobrazil","eossv12eossv","eosswedenorg","eosvenezuela","eosyskoreabp","hkeoshkeosbp","libertyblock","sheos21sheos","teamgreymass","tokenika4eos"]
gy2tenjxg4ge, 0, 6374088982, 2886081675463502.00000000000000000, 0.00000000000000000, 0, ["argentinaeos","aus1genereos","blockmatrix1","eos42freedom","eosauthority","eoscanadacom","eosdacserver","eoseouldotio","eosliquideos","eosmedinodes","eosnairobike","eosnationftw","eosnewyorkio","eosphereiobp","eosriobrazil","eosswedenorg","eosvenezuela","jedaaaaaaaaa","jrrcryptoeos","libertyblock","sheos21sheos"]
gi3tgnbtgqge, 0, 116083012, 0.00000000000000000, 0.00000000000000000, 0, []
gm3tknrrguge, 0, 200000000, 83596146973392.14062500000000000, 0.00000000000000000, 0, ["eosliquideos"]
gu2dgnbyhege, 0, 6251237310, 2868438346978757.50000000000000000, 0.00000000000000000, 0, ["1eostheworld"]
guytemrxgege, 0, 6299790000, 0.00000000000000000, 0.00000000000000000, 0, []
ge4dmmzugmge, 0, 400000, 181113359641.73724365234375000, 0.00000000000000000, 0, ["alohaeosprod","argentinaeos","auroraeoscom","aus1genereos","bitspacenode","cryptolions1","cypherglasss","eos42freedom","eosauthority","eosbarcelona","eoscafeblock","eoscanadacom","eoscannonchn","eosdublinwow","eosflareiobp","eosiodetroit","eosiomeetone","eosisgravity","eosmetaliobp","eosnairobike","eosnationftw","eosnewyorkio","eosphereiobp","eosriobrazil","eosswedenorg","eostribeprod","hkeoshkeosbp","teamgreymass","tokenika4eos"]
gezdemzugene, 0, 6230896236, 0.00000000000000000, 0.00000000000000000, 0, []
eosio.names, undefined, undefined, undefined, undefined, undefined, undefined
gm3dcnzwgmge, 0, 6112514140, 0.00000000000000000, 0.00000000000000000, 0, []
gm2tcobtg4ge, 0, 5656070111, 2560974650431059.00000000000000000, 0.00000000000000000, 0, ["argentinaeos","atticlabeosb","eosantpoolbp","eosbeijingbp","eosbixinboot","eoscannonchn","eoscybexiobp","eosfishrocks","eosflytomars","eoshenzhenio","eosiomeetone","eosisgravity","eoslambdacom","eoslaomaocom","eoslawyereos","eosmedinodes","eosstorebest","eoswancloud1","geosoneforbp","jrrcryptoeos","oraclegogogo","qxeosqxeosbp","sheleaders21","starteosiobp","superoneiobp","unlimitedeos"]
turkmanistan, 0, 2100000, 913571778301.50939941406250000, 0.00000000000000000, 0, ["argentinaeos","aus1genereos","cryptolions1","eosafricaone","eosamsterdam","eosasia11111","eosauthority","eoscanadacom","eosdacserver","eosdublinwow","eosflareiobp","eosiomeetone","eosisgravity","eosliquideos","eosmetaliobp","eosnairobike","eosnewyorkio","eosriobrazil","eosswedenorg","eosteaeostea","eostitanprod","eosvenezuela","eosyskoreabp","libertyblock","sheos21sheos","teamgreymass","tokenika4eos"]
haytinzzg4ge, 0, 5680779992, 0.00000000000000000, 0.00000000000000000, 0, []
geytkmbvgene, eostitanvote, 5652141252, 2458874635619504.50000000000000000, 0.00000000000000000, 0, []
ha4tgnjwgqge, 0, 5648448458, 0.00000000000000000, 0.00000000000000000, 0, []
roztey4g53vc, 0, 5600000000, 2535587034984321.50000000000000000, 0.00000000000000000, 0, ["atticlabeosb","cochainworld","eosbeijingbp","eoscannonchn","eoshenzhenio","eoshuobipool","eosiosg11111","eoslaomaocom","eosliquideos","eospaceioeos","eosvolgabpru","unlimitedeos"]
libertarian1, 0, 5179519668, 2314147003884288.50000000000000000, 0.00000000000000000, 0, ["acroeos12345","alohaeosprod","bitfinexeos1","cypherglasss","eosauthority","eoscafeblock","eoscanadacom","eosdacserver","eoseouldotio","eosgermanybp","eosiodetroit","eosiomeetone","eosiosg11111","eosliquideos","eosmetaliobp","eosnairobike","eosnationftw","eosnewyorkio","eosnodeonebp","eosriobrazil","eossv12eossv","eostitanprod","eosukblocpro","eosvenezuela","eoswinwinwin","eosyskoreabp","hkeoshkeosbp","libertyblock","philippinebp","teamgreymass"]
gizdmmbxhage, 0, 5519850000, 2499296445546108.00000000000000000, 0.00000000000000000, 0, ["atticlabeosb","cochainworld","eosbeijingbp","eosbixinboot","eoscandyone1","eoscannonchn","eosfishrocks","eoshuobipool","eosiomeetone","eosiosg11111","eosisgravity","eoslambdacom","eoslaomaocom","eosliquideos","eosmotioneos","eospaceioeos","eosstorebest","eosvolgabpru","eoswenzhoubp","eoswinwinwin","jedaaaaaaaaa","starteosiobp","syndicateoss","unlimitedeos","zbeosbp11111"]
zbeoscharge1, 0, 200000, 0.00000000000000000, 0.00000000000000000, 0, []
geyteojshege, 0, 5418827256, 0.00000000000000000, 0.00000000000000000, 0, []
fiboscouncil, 0, 10000, 0.00000000000000000, 0.00000000000000000, 0, []
gm2tsmrxgmge, 0, 101976, 0.00000000000000000, 0.00000000000000000, 0, []
giytemzxgege, madeofstarks, 5334211331, 2383261375757223.00000000000000000, 0.00000000000000000, 0, []
crhxhns3qkln, loglnah3nx5d, 5272690000, 2419422817869543.50000000000000000, 0.00000000000000000, 0, []
gq4tqmztguge, 0, 5248269103, 0.00000000000000000, 0.00000000000000000, 0, []
eosbetcasino, 0, 4425066124, 2057729752206699.00000000000000000, 0.00000000000000000, 0, ["alohaeosprod","auroraeoscom","aus1genereos","cryptolions1","eosasia11111","eoscafeblock","eosfishrocks","eosiodetroit","eosliquideos","eosnairobike","eosnationftw","eosriobrazil","eosswedenorg","eostitanprod","eosyskoreabp","hkeoshkeosbp","sheos21sheos","teamgreymass"]
hazdmmrvgige, 0, 600620, 0.00000000000000000, 0.00000000000000000, 0, []
bankreserves, 0, 2000, 0.00000000000000000, 0.00000000000000000, 0, []
gqydimjvgene, 0, 5147247569, 0.00000000000000000, 0.00000000000000000, 0, []
gqytkobqgyge, 0, 5087676503, 2273112583950505.50000000000000000, 0.00000000000000000, 0, ["bitfinexeos1","blockgenicbp","blocksmithio","bp2bp2bp2bp2","cryptolions1","eos42freedom","eosantpoolbp","eoscleanerbp","eosdacserver","eoshenzhenio","eoshuobipool","eosriobrazil","eosswedenorg","eosukblocpro","hkeoshkeosbp","libertyblock","sheos21sheos"]
idp5tgj21vla, tpatksgyanjo, 5106610000, 2343215466101892.50000000000000000, 0.00000000000000000, 0, []
giytimrsgage, 0, 5095720003, 2338218489752376.50000000000000000, 0.00000000000000000, 0, ["argentinaeos","aus1genereos","bitfinexeos1","blocksmithio","costaricaeos","cypherglasss","eosamsterdam","eosauthority","eoscafeblock","eoscanadacom","eosdacserver","eosdublinwow","eosiosg11111","eosisgravity","eosmedinodes","eosmesodotio","eosnationftw","eosnewyorkio","eospaceioeos","eosriobrazil","eossv12eossv","eosswedenorg","eosukblocpro","eosvibesbloc","eosyskoreabp","helloeoscnbp","jedaaaaaaaaa","sheos21sheos","teamgreymass","tokenika4eos"]
ha4dcobvgmge, 0, 5070073135, 1930399607277543.25000000000000000, 0.00000000000000000, 0, ["bpacbpacbpac"]
hazdanjugege, heyeosman123, 5003326338, 2119357074532868.00000000000000000, 0.00000000000000000, 0, []
vgqvuacpfnmg, 0, 5000041000, 2325102685392851.50000000000000000, 0.00000000000000000, 0, ["cochainworld","eosantpoolbp","eosbeijingbp","eoscannonchn","eoscybexiobp","eosflytomars","eoshuobipool","eoslambdacom","eoslaomaocom","eosunion1111","geosoneforbp","jrrcryptoeos","oraclegogogo","qxeosqxeosbp","sheleaders21","starteosiobp","unlimitedeos","zbeosbp11111"]
vddudgwjpixi, 0, 5000041000, 2325102685392851.50000000000000000, 0.00000000000000000, 0, ["cochainworld","eosantpoolbp","eosbeijingbp","eoscannonchn","eoscybexiobp","eosflytomars","eoshuobipool","eoslambdacom","eoslaomaocom","eosunion1111","geosoneforbp","jrrcryptoeos","oraclegogogo","qxeosqxeosbp","sheleaders21","starteosiobp","unlimitedeos","zbeosbp11111"]
yangeosforz3, 0, 5000000000, 2007978943887409.50000000000000000, 0.00000000000000000, 0, ["eosbeijingbp","eosbixinboot","eosunion1111","zbeosbp11111"]
eosairclubmc, 0, 400000, 0.00000000000000000, 0.00000000000000000, 0, []
chainceonram, undefined, undefined, undefined, undefined, undefined, undefined
zhuchzhwjsz1, 0, 4920690000, 2257904345914985.00000000000000000, 0.00000000000000000, 0, ["costaricaeos","cryptolions1","eos42freedom","eosadddddddd","eosbeijingbp","eosbixinboot","eoscanadacom","eoscannonchn","eosdublinwow","eosiomeetone","eosisgravity","eosnationftw","eosnewyorkio","eosnodeonebp","eosphereiobp","eosstorebest","eostribeprod","eosunion1111","eosvibesbloc","jedaaaaaaaaa","sheos21sheos"]
vlwvbjwwvbkd, 0, 4920041000, 2287901347477536.50000000000000000, 0.00000000000000000, 0, ["eosbeijingbp","eosstorebest"]
gm2tqnjygyge, 0, 103679, 0.00000000000000000, 0.00000000000000000, 0, []
kickmyfatass, 0, 20000, 8359614697.33921432495117188, 0.00000000000000000, 0, ["bitfinexeos1","teamgreymass"]
gezdsmbsg4ge, 0, 4754463469, 2181629757035931.25000000000000000, 0.00000000000000000, 0, ["acroeos12345","alohaeosprod","argentinaeos","aus1genereos","costaricaeos","cryptolions1","cypherglasss","eos42freedom","eosafricaone","eosamsterdam","eosauthority","eoscanadacom","eosdacserver","eosdublinwow","eosflareiobp","eosiodetroit","eosiomeetone","eosiosg11111","eosisgravity","eosliquideos","eosnairobike","eosnationftw","eosnewyorkio","eosphereiobp","eosriobrazil","eosswedenorg","eosukblocpro","jedaaaaaaaaa","teamgreymass","tokenika4eos"]
gu3tenagenes, lukeeosproxy, 4733799449, 1978636972405833.75000000000000000, 0.00000000000000000, 0, []
dg4ns3fpwupe, me2lr2wubwzd, 4711170000, 2161764146358397.00000000000000000, 0.00000000000000000, 0, []
mpzv1bwkwima, fivvybx5o4eh, 4604370000, 2112757973617639.00000000000000000, 0.00000000000000000, 0, []
gi4tmmbqg4ge, 0, 4596959147, 0.00000000000000000, 0.00000000000000000, 0, []
g4ytmnzsgige, 0, 4521380000, 2074677240698580.00000000000000000, 0.00000000000000000, 0, ["argentinaeos","atticlabeosb","bitfinexeos1","cypherglasss","eos42freedom","eosasia11111","eosauthority","eosbeijingbp","eosbixinboot","eoscanadacom","eoscannonchn","eosdacserver","eosfishrocks","eosflytomars","eosgenblockp","eoshuobipool","eosiosg11111","eosisgravity","eoslaomaocom","eosliquideos","eosnewyorkio","eospaceioeos","eosriobrazil","eosswedenorg","eosyskoreabp","jedaaaaaaaaa","libertyblock","starteosiobp","teamgreymass","zbeosbp11111"]
djwqmqurkdov, 5lwhr2hargj5, 4504120000, 2066757329261262.75000000000000000, 0.00000000000000000, 0, []
geztonrqgyge, 0, 4484760418, 0.00000000000000000, 0.00000000000000000, 0, []
grtwhtbufalo, 0, 4451891848, 2070204162498536.25000000000000000, 0.00000000000000000, 0, ["eoscafeblock","eosriobrazil","eosswedenorg","eosyskoreabp","teamgreymass"]
ge3tmnzygege, iamnotawhale, 4374808984, 2034359341609233.00000000000000000, 0.00000000000000000, 0, []
geydimjugene, 0, 4423452761, 0.00000000000000000, 0.00000000000000000, 0, []
hezdgmbuhage, 0, 322525, 140309398950.80682373046875000, 0.00000000000000000, 0, ["bitfinexeos1","eos42freedom","eoscanadacom","eoscannonchn","eosnewyorkio","starteosiobp","zbeosbp11111"]
gu2dkmjvgige, 0, 3000002468, 1376579018441088.75000000000000000, 0.00000000000000000, 0, ["acroeos12345","aus1genereos","blocksmithio","cryptolions1","cypherglasss","eos42freedom","eosamsterdam","eosasia11111","eosauthority","eoscafeblock","eoscanadacom","eosdacserver","eosdublinwow","eoseouldotio","eosflareiobp","eosiomeetone","eosliquideos","eosnairobike","eosnationftw","eosnewyorkio","eosnodeonebp","eosphereiobp","eosswedenorg","eostribeprod","eosunion1111","eosyskoreabp","keoskorea111","libertyblock","teamgreymass","tokenika4eos"]
geztamjtguge, 0, 4072441268, 1795424918486380.50000000000000000, 0.00000000000000000, 0, ["eoscybexiobp"]
gy2dcoigenes, eostitanvote, 4072337302, 1635433510964652.50000000000000000, 0.00000000000000000, 0, []
coinonewallt, undefined, undefined, undefined, undefined, undefined, undefined
biao55555555, meetoneproxy, 4044421200, 1783071657875801.00000000000000000, 0.00000000000000000, 0, []
heztanrqgene, 0, 203698469, 0.00000000000000000, 0.00000000000000000, 0, []
sensaysensay, 0, 2000, 0.00000000000000000, 0.00000000000000000, 0, []
ha2dgnbxhage, 0, 20000000, 0.00000000000000000, 0.00000000000000000, 0, []
gqydqnbqguge, 0, 4020415103, 0.00000000000000000, 0.00000000000000000, 0, []
fcoindeposit, 0, 2000, 0.00000000000000000, 0.00000000000000000, 0, []
g4ydmmjzg4ge, 0, 3999900000, 1763443511852182.00000000000000000, 0.00000000000000000, 0, ["eosliquideos"]
evuaxqyrw5k2, 0, 4000000000, 1585112544617314.00000000000000000, 0.00000000000000000, 0, []
gu4tqnagenes, tokenika4dev, 3888419241, 1540895529410108.50000000000000000, 0.00000000000000000, 0, []
gqztgmjrgene, 0, 3874929254, 0.00000000000000000, 0.00000000000000000, 0, []
gu3dknrrgege, 0, 1000102485, 446833744746382.87500000000000000, 0.00000000000000000, 0, ["eosdacserver","eosisgravity","eosunion1111"]
gqzdknbsgage, 0, 191603, 83353854018.04957580566406250, 0.00000000000000000, 0, ["aus1genereos","cryptolions1","cypherglasss","emergepoland","eos42freedom","eosasia11111","eosauthority","eoscanadacom","eosdacserver","eoseouldotio","eosfishrocks","eosflareiobp","eosgamesboot","eosiomeetone","eosjapanclub","eosnewyorkio","eospaceioeos","eosphereiobp","eosswedenorg","helloeoscnbp","hkeoshkeosbp","jedaaaaaaaaa","keoskorea111","libertyblock","starteosiobp","teamgreymass"]
guztgojug4ge, 0, 3211350000, 1493331456429324.00000000000000000, 0.00000000000000000, 0, ["acroeos12345","atticlabeosb","aus1genereos","cochainworld","cryptolions1","eosamsterdam","eosantpoolbp","eosasia11111","eosbeijingbp","eoscafeblock","eoscleanerbp","eosdacserver","eosdotwikibp","eoseouldotio","eosgenblockp","eosiomeetone","eosisgravity","eosliquideos","eosnationftw","eosnodeonebp","eospacificbp","eosriobrazil","eosstorebest","eostitanprod","eostribeprod","eosyskoreabp","helloeoscnbp","hkeoshkeosbp","oraclegogogo","tokenika4eos"]
gi4dinbvhege, 0, 3752106527, 1721688956965239.00000000000000000, 0.00000000000000000, 0, ["alohaeosprod","argentinaeos","aus1genereos","bitspacenode","blockmatrix1","blocksmithio","costaricaeos","dutcheosxxxx","emergepoland","eos42freedom","eosafricaone","eosamericas2","eosamsterdam","eoscanadacom","eosdacserver","eosdublinwow","eosiodetroit","eosmetaliobp","eosnairobike","eosonoeosono","eosphereiobp","eosriobrazil","eosswedenorg","eostribeprod","eosvibesbloc","libertyblock","saltblockeos","sheos21sheos","teamgreymass","tokenika4eos"]
gu3tmnrqgege, 0, 3709568898, 0.00000000000000000, 0.00000000000000000, 0, []
charboledger, 0, 2020000, 926895776557.40759277343750000, 0.00000000000000000, 0, ["teamgreymass"]
gi3dkmbsg4ge, 0, 3700125056, 0.00000000000000000, 0.00000000000000000, 0, []
geydonrsgage, 0, 3672718739, 0.00000000000000000, 0.00000000000000000, 0, []
geytsojzg4ge, 0, 3615431944, 0.00000000000000000, 0.00000000000000000, 0, []
gyzdggenesis, 0, 1775865112, 0.00000000000000000, 0.00000000000000000, 0, []
maxlivswkgqh, 0, 3532150000, 1557225680739189.75000000000000000, 0.00000000000000000, 0, ["acroeos12345","eosasia11111","eoscandyone1","eosdacserver","eosflytomars","eosisgravity","eoslaomaocom","eosonoeosono","eoswinwinwin","eoswtzeoswtz"]
ge2tomrzgege, cannonproxy1, 3000141980, 1322678294273946.50000000000000000, 0.00000000000000000, 0, []
ge2temzwgyge, 0, 3471902107, 1614492543642501.75000000000000000, 0.00000000000000000, 0, ["atticlabeosb","blockgenicbp","eosbixinboot","eoscannonchn","eoscybexiobp","eosflytomars","eosiomeetone","eoslaomaocom","eosstorebest","geosoneforbp","helloeoscnbp","jrrcryptoeos","onechaindapp","oraclegogogo","sheleaders21","sheos21sheos","starteosiobp","tokenika4eos","unlimitedeos"]
bcexcawallet, undefined, undefined, undefined, undefined, undefined, undefined
ge3tenzwgene, 0, 3290008340, 1338983382738593.00000000000000000, 0.00000000000000000, 0, ["blocksmithio","cypherglasss","dposclubprod","eosantpoolbp","eosbeijingbp","eoscafeblock","eoscandyone1","eoscannonchn","eoscocoshost","eoscube11111","eoscybexiobp","eosecoeoseco","eosgamesboot","eosgenblockp","eosiomeetone","eosisgravity","eoslaomaocom","eosliquideos","eosnationftw","eospaceioeos","eosstorebest","eosyskoreabp","ha4daobxg4ge","helloeoscnbp","jedaaaaaaaaa","libertyblock","oraclegogogo","sheleaders21","top111111111","unlimitedeos"]
geydonbsgene, 0, 3221242219, 1194203397173701.00000000000000000, 0.00000000000000000, 0, ["argentinaeos","cypherglasss","eosauthority","eoscanadacom","eosnewyorkio","eosyskoreabp","sheos21sheos"]
gq4dsnzzgqge, 0, 3219734912, 0.00000000000000000, 0.00000000000000000, 0, []
zhuchzhwjsz2, 0, 3200302000, 1468488320548626.00000000000000000, 0.00000000000000000, 0, ["acroeos12345","aus1genereos","blocksmithio","eosbeijingbp","eosbixinboot","eoscanadacom","eoscandyone1","eoscannonchn","eosdublinwow","eosecoeoseco","eosholdings1","eosiomeetone","eosiosg11111","eosisgravity","eosmedinodes","eosnewyorkio","eosnodeonebp","eosriobrazil","eosstorebest","eosunion1111","jedaaaaaaaaa"]
g44tinbxhege, 0, 3149989619, 1464797853076905.75000000000000000, 0.00000000000000000, 0, ["argentinaeos","atticlabeosb","aus1genereos","bitfinexeos1","cochainworld","cryptolions1","cypherglasss","eosamsterdam","eosauthority","eosbeijingbp","eosbixinboot","eoscannonchn","eosdublinwow","eosflytomars","eoshuobipool","eosiomeetone","eosiosg11111","eoslaomaocom","eosliquideos","eosmedinodes","eosmesodotio","eosnationftw","eosnodeonebp","eospaceioeos","eosukblocpro","geosoneforbp","hkeoshkeosbp","libertyblock","starteosiobp","teamgreymass"]
21zephyrfund, zenbpdesk313, 2900700000, 1228706394665214.50000000000000000, 0.00000000000000000, 0, []
g43dknztgene, 0, 3091750844, 1418678613599703.25000000000000000, 0.00000000000000000, 0, ["alohaeosprod","argentinaeos","aus1genereos","bitspacenode","blocksmithio","cypherglasss","eos42freedom","eosafricaone","eosauthority","eoscafeblock","eoscanadacom","eoscannonchn","eoscybexiobp","eosdacserver","eosdublinwow","eosfishrocks","eosisgravity","eosnairobike","eosnationftw","eosnewyorkio","eosnodeonebp","eosonoeosono","eosrealbpcsg","eosriobrazil","eosswedenorg","eosvenezuela","eosyskoreabp","helloeoscnbp","keoskorea111","teamgreymass"]
bitguildeos1, 0, 3070000000, 0.00000000000000000, 0.00000000000000000, 0, []
chainceout11, 0, 60000000, 0.00000000000000000, 0.00000000000000000, 0, []
ha2tcojygene, 0, 3039403905, 1126790915419208.50000000000000000, 0.00000000000000000, 0, ["eosswedenorg"]
ycheosforzb1, 0, 20000, 0.00000000000000000, 0.00000000000000000, 0, []
geydcmrqhege, 0, 3015070243, 1383493007059711.25000000000000000, 0.00000000000000000, 0, ["acroeos12345","alohaeosprod","argentinaeos","aus1genereos","costaricaeos","cryptolions1","cypherglasss","eos42freedom","eosafricaone","eosamsterdam","eosauthority","eoscanadacom","eosdacserver","eosdublinwow","eosflareiobp","eosiodetroit","eosiomeetone","eosiosg11111","eosisgravity","eosliquideos","eosnairobike","eosnationftw","eosnewyorkio","eosphereiobp","eosriobrazil","eosswedenorg","eosukblocpro","jedaaaaaaaaa","teamgreymass","tokenika4eos"]
gmzdkojrgene, 0, 2708242585, 1073217323837580.50000000000000000, 0.00000000000000000, 0, ["aus1genereos","blockmatrix1","bp2bp2bp2bp2","cryptolions1","eos42freedom","eosafricaone","eosamsterdam","eosauthority","eosbarcelona","eoscafeblock","eosfishrocks","eosmedinodes","eosnationftw","eosnewyorkio","eosriobrazil","eosrussiacom","eosswedenorg","eosvancouver","eosvietnambp","eoszonrussia","gy3dqnjtgyge","ha4daobxg4ge","hkeoshkeosbp","jedaaaaaaaaa","philippinebp","privexinceos","sheos21sheos"]
he2dkmrrgene, 0, 3000000000, 1376577885976348.00000000000000000, 0.00000000000000000, 0, ["dutcheosxxxx","eosarabianet","eosasia11111","eosdacserver","eosdublinwow","eosindiaiobp","eosisgravity","eosjapanclub","eosvenezuela","franceosysbp","switzerlanda"]
viabtccoinex, 0, 2000, 0.00000000000000000, 0.00000000000000000, 0, []
gy2daobqguge, 0, 2908466933, 0.00000000000000000, 0.00000000000000000, 0, []
meiling12345, 0, 7956, 3650684553.60927486419677734, 0.00000000000000000, 0, ["eoshuobipool"]
giytamjygage, 0, 2872968394, 1200845440573672.00000000000000000, 0.00000000000000000, 0, ["argentinaeos"]
giydknygenes, 0, 2805292299, 0.00000000000000000, 0.00000000000000000, 0, []
ge2dinrsgege, 0, 2499900000, 0.00000000000000000, 0.00000000000000000, 0, []
gu4dknbugige, 0, 19568399, 0.00000000000000000, 0.00000000000000000, 0, []
geytsmjqgene, 0, 2785496663, 0.00000000000000000, 0.00000000000000000, 0, []
ge2dimbugene, 0, 1799902079, 762419827710040.37500000000000000, 0.00000000000000000, 0, ["cypherglasss"]
giztanbxgige, lukeeosproxy, 2657200000, 1219280919538784.00000000000000000, 0.00000000000000000, 0, []
gmzdcobrg4ge, 0, 20000, 0.00000000000000000, 0.00000000000000000, 0, []
zongzhongeos, 0, 2600090000, 1177277588177211.50000000000000000, 0.00000000000000000, 0, ["123singapore","1eostheworld","blockmatrix1","buildteameos","eos42freedom","eosbarcelona","eosbixinboot","eoscanadacom","eoscannonchn","eosdublinwow","eosecoeoseco","eosiomeetone","eosisgravity","eosnewyorkio","eosriobrazil","eosstorebest","eosunion1111","eoswancloud1","eosyskoreabp","ha4daobxg4ge","jedaaaaaaaaa","saltblockeos","sheos21sheos"]
upupeosmacan, cannonproxy1, 2599940200, 1146240575237797.00000000000000000, 0.00000000000000000, 0, []
gezdsnjtgige, 0, 2601819400, 0.00000000000000000, 0.00000000000000000, 0, []
iftttttttttt, cannonproxy1, 2591021200, 1097529671166662.37500000000000000, 0.00000000000000000, 0, []
geytgnrvgege, 0, 1562, 688641907.42596268653869629, 0.00000000000000000, 0, ["eosasia11111","eosbeijingbp","eosbixinboot","eoscannonchn","eosflytomars","eosisgravity","eosnodeonebp","eostark11111","geosoneforbp","helloeoscnbp","jrrcryptoeos","oraclegogogo","sheleaders21"]
guzdsnzqg4ge, 0, 2520276008, 1126028965370588.75000000000000000, 0.00000000000000000, 0, ["argentinaeos","bitspacenode","blockchained","bpacbpacbpac","costaricaeos","cryptolions1","dutcheosxxxx","eos42freedom","eosamsterdam","eosauthority","eoscanadacom","eosdacserver","eosdublinwow","eosgermanybp","eosiomeetone","eosliquideos","eosmetaliobp","eosnairobike","eosnetworkio","eosnewyorkio","eosphereiobp","eosriobrazil","eosswedenorg","eostribeprod","eosvibesbloc","eosyskoreabp","hkeoshkeosbp","sheos21sheos","teamgreymass","tokenika4eos"]
eosloveyouu1, 0, 2000, 0.00000000000000000, 0.00000000000000000, 0, []
eosloveyouu2, 0, 2000, 0.00000000000000000, 0.00000000000000000, 0, []
gyzdsobzg4ge, 0, 2499900000, 0.00000000000000000, 0.00000000000000000, 0, []
gi4tkmjwgige, 0, 100000, 0.00000000000000000, 0.00000000000000000, 0, []
gmytkmrrgene, 0, 20000, 0.00000000000000000, 0.00000000000000000, 0, []
ge4tmmjsgqge, 0, 2419830000, 1052708760136829.25000000000000000, 0.00000000000000000, 0, ["acroeos12345","eos42freedom","eosadddddddd","eosasia11111","eosauthority","eoscanadacom","eoscannonchn","eosdacserver","eosdublinwow","eoseouldotio","eosfishrocks","eosiomeetone","eoslaomaocom","eosnewyorkio","eosnodeonebp","eosonoeosono","eosriobrazil","eosswedenorg","eosyskoreabp","hkeoshkeosbp","keoskorea111","libertyblock","starteosiobp","teamgreymass","zbeosbp11111"]
g44damjqgige, 0, 2000000000, 0.00000000000000000, 0.00000000000000000, 0, []
ge3dsmjvgege, 0, 6007597, 2648580702385.71777343750000000, 0.00000000000000000, 0, ["eoscannonchn"]
ge4tinjzgyge, 0, 2392453486, 0.00000000000000000, 0.00000000000000000, 0, []
gy2tknbxgege, 0, 2382938473, 0.00000000000000000, 0.00000000000000000, 0, []
ge4tkmjvhege, 0, 2378954358, 0.00000000000000000, 0.00000000000000000, 0, []
eosofdeposit, undefined, undefined, undefined, undefined, undefined, undefined
gm2toojrguge, 0, 20000, 0.00000000000000000, 0.00000000000000000, 0, []
gy4tkmjugige, 0, 2337165000, 0.00000000000000000, 0.00000000000000000, 0, []
gy4tkmjzgige, 0, 2337052500, 0.00000000000000000, 0.00000000000000000, 0, []
hoowalletpro, 0, 1435000, 0.00000000000000000, 0.00000000000000000, 0, []
eoszxcvbnmaa, 0, 4839, 0.00000000000000000, 0.00000000000000000, 0, []
bibraccount1, 0, 2020000, 0.00000000000000000, 0.00000000000000000, 0, []
heydemjzgene, 0, 2295234371, 0.00000000000000000, 0.00000000000000000, 0, []
gi2demjwgmge, cannonproxy1, 2271165288, 1042145303619301.12500000000000000, 0.00000000000000000, 0, []
gizdcmjrgage, 0, 2277886878, 0.00000000000000000, 0.00000000000000000, 0, []
guytenjrgage, 0, 2249938588, 0.00000000000000000, 0.00000000000000000, 0, []
gi3dcnqgenes, 0, 2230961219, 1037434277299768.00000000000000000, 0.00000000000000000, 0, ["eos42freedom","eosantpoolbp","eosasia11111","eosauthority","eosbeijingbp","eosbixinboot","eoscafeblock","eoscanadacom","eoscannonchn","eosdacserver","eoseouldotio","eosflareiobp","eosflytomars","eoshuobipool","eosiomeetone","eosisgravity","eoslaomaocom","eosnewyorkio","eospacificbp","eosriobrazil","eosstorebest","eossv12eossv","eosswedenorg","eostitanprod","eostribeprod","eosyskoreabp","helloeoscnbp","jedaaaaaaaaa","oraclegogogo","starteosiobp"]
coinonekorea, 0, 2000, 0.00000000000000000, 0.00000000000000000, 0, []
gm2danrzgmge, 0, 2223111093, 0.00000000000000000, 0.00000000000000000, 0, []
vqgwndvowlxq, 0, 2211791000, 1028519804863148.12500000000000000, 0.00000000000000000, 0, ["atticlabeosb","eosbixinboot","eoscannonchn","eosfishrocks","eoshuobipool","eosisgravity","eoslaomaocom","starteosiobp"]
ha4dqmigenes, 0, 2211441175, 819842279558425.62500000000000000, 0.00000000000000000, 0, ["eoscanadacom","eoscannonchn","eosisgravity","eosnewyorkio","eosphereiobp","eosyskoreabp"]
gu3dsnbwgige, 0, 2196862440, 1008050751145347.12500000000000000, 0.00000000000000000, 0, ["acroeos12345","argentinaeos","aus1genereos","blocksmithio","cypherglasss","eos42freedom","eosamsterdam","eosauthority","eoscafeblock","eoscanadacom","eosdacserver","eoseouldotio","eosfishrocks","eosflareiobp","eosiomeetone","eosliquideos","eosnewyorkio","eosnodeonebp","eospaceioeos","eosphereiobp","eosriobrazil","eosswedenorg","eostribeprod","eosyskoreabp","hkeoshkeosbp","keoskorea111","libertyblock","oraclegogogo","teamgreymass","tokenika4eos"]
guyteojugage, 0, 2193631095, 0.00000000000000000, 0.00000000000000000, 0, []
gy4dinztgige, 0, 2181784013, 0.00000000000000000, 0.00000000000000000, 0, []
g42dcmygenes, 0, 2167233230, 0.00000000000000000, 0.00000000000000000, 0, []
giydgnjrg4ge, 0, 2162818665, 0.00000000000000000, 0.00000000000000000, 0, []
ep3fot1dzims, 0, 2161500000, 0.00000000000000000, 0.00000000000000000, 0, []
g4ydkmjvgene, 0, 2160528556, 939903769036243.87500000000000000, 0.00000000000000000, 0, ["alohaeosprod","argentinaeos","aus1genereos","blocksmithio","costaricaeos","cryptolions1","cypherglasss","eos42freedom","eosafricaone","eosauthority","eoscafeblock","eoscanadacom","eosdacserver","eosdublinwow","eosiomeetone","eosliquideos","eosnairobike","eosnewyorkio","eosnodeonebp","eosriobrazil","eostribeprod","eosvenezuela","eosvietnambp","eosyskoreabp","helloeoscnbp","hkeoshkeosbp","libertyblock","philippinebp","teamgreymass","tokenika4eos"]
gqztcnygenes, 0, 1159188735, 0.00000000000000000, 0.00000000000000000, 0, []
gy2dmmbtgene, 0, 9999, 0.00000000000000000, 0.00000000000000000, 0, []
gy2dmnzzgene, 0, 2134328600, 0.00000000000000000, 0.00000000000000000, 0, []
eosbetdice11, 0, 0, 0.00000000000000000, 0.00000000000000000, 0, ["alohaeosprod","auroraeoscom","aus1genereos","cryptolions1","eosasia11111","eoscafeblock","eosfishrocks","eosiodetroit","eosliquideos","eosnairobike","eosnationftw","eosriobrazil","eosswedenorg","eostitanprod","eosyskoreabp","hkeoshkeosbp","sheos21sheos","teamgreymass"]
haydemigenes, 0, 2103816170, 779942719744592.00000000000000000, 0.00000000000000000, 0, ["blockeosioio","eosnationftw"]
bigdickrocks, 0, 47100, 0.00000000000000000, 0.00000000000000000, 0, []
xjrnuy1cbmxn, ojirrdhy5bta, 2092020000, 959942823006746.50000000000000000, 0.00000000000000000, 0, []
aexdepositbm, 0, 120000, 0.00000000000000000, 0.00000000000000000, 0, []
red5stndngby, 0, 40000, 0.00000000000000000, 0.00000000000000000, 0, []
gm2tqnjzgene, 0, 162291, 65175382156.48631286621093750, 0.00000000000000000, 0, ["eoscybexiobp","eosisgravity","eoslaomaocom","geosoneforbp"]
w43lfmz2ozpf, 2idb3hot4rj1, 2035400000, 933962209705419.50000000000000000, 0.00000000000000000, 0, []
gyztombvguge, 0, 20000, 0.00000000000000000, 0.00000000000000000, 0, []
gm4toojqgige, cannonproxy1, 2032742661, 932742865004438.75000000000000000, 0.00000000000000000, 0, []
gdexioforeos, undefined, undefined, undefined, undefined, undefined, undefined
vczyeuludpja, 0, 2000041000, 930052513568549.50000000000000000, 0.00000000000000000, 0, ["eosstorebest"]
mv4xfzdutkys, 0, 2000000000, 792556272308657.00000000000000000, 0.00000000000000000, 0, ["acroeos12345","alohaeosprod","bitfinexeos1","bp2bp2bp2bp2","cochainworld","costaricaeos","eoscanadacom","eoschaintech","eoscybexiobp","eoshenzhenio","eosisgravity","eoslaomaocom","eosmedinodes","eosnewyorkio","eosninetiess","eossixparkbp","eosteaeostea","eostitanprod","eosukblocpro","eosunion1111","eosvibesbloc","eosvietnambp","eoswenzhoubp","geosoneforbp","greencapital","hkeoshkeosbp","philippinebp","sheleaders21","strongmonkey","unlimitedeos"]
craigspys211, 0, 20000, 0.00000000000000000, 0.00000000000000000, 0, []
gq2tinjwgige, 0, 1500000000, 652551270215363.87500000000000000, 0.00000000000000000, 0, ["acroeos12345","blockgenicbp","blockmatrix1","bpkhmereoskh","eos42freedom","eoscannonchn","eosdacserver","eosriobrazil","eosswedenorg","eostribeprod","eosvietnambp","hkeoshkeosbp","libertyblock","philippinebp","saltblockeos","sheos21sheos"]
gyydanbwgage, 0, 1987215615, 0.00000000000000000, 0.00000000000000000, 0, []
52w2dlhbto3t, xxedcu1evvkv, 1986510000, 911528578756958.37500000000000000, 0.00000000000000000, 0, []
ha2dmmbygene, 0, 1978730000, 0.00000000000000000, 0.00000000000000000, 0, []
gu3tkmbwgmge, 0, 1340620189, 607010566083326.87500000000000000, 0.00000000000000000, 0, ["atticlabeosb","eosbeijingbp","eoscannonchn","eoscube11111","eosecoeoseco","eosflytomars","eosholdings1","eosiomeetone","eosisgravity","eosmedinodes","eospacificbp","eosromania22","eosthushuimu","eosyskoreabp","geosoneforbp","helloeoscnbp","onechaindapp","oraclegogogo","sheleaders21","superoneiobp"]
gi3demjygage, 0, 1954034457, 0.00000000000000000, 0.00000000000000000, 0, []
jlujyuw5gnpz, qilpomyx3hyw, 1944810000, 892394146141887.12500000000000000, 0.00000000000000000, 0, []
gy3domrwg4ge, 0, 52000, 347520046317865.75000000000000000, 0.00000000000000000, 0, []
gu2tsnjugmge, 0, 9771, 0.00000000000000000, 0.00000000000000000, 0, []
gq2dmmzsgege, 0, 1891529123, 710652012856155.25000000000000000, 0.00000000000000000, 0, ["blockgenicbp","blockmatrix1","eosnewyorkio","stakedstaked","tokenika4eos"]
eoshoowallet, undefined, undefined, undefined, undefined, undefined, undefined
pxnramtrader, undefined, undefined, undefined, undefined, undefined, undefined
vbwktqgx5bf5, sl1vamgr3fzs, 1875600000, 860636494312412.75000000000000000, 0.00000000000000000, 0, []
giyteojrgyge, 0, 1873662238, 0.00000000000000000, 0.00000000000000000, 0, []
gyydimrxgene, freedomproxy, 1865672000, 844745309773798.00000000000000000, 0.00000000000000000, 0, []
gq3tomrzgige, 0, 1858619395, 0.00000000000000000, 0.00000000000000000, 0, []
heztoobygene, votetochange, 1850194464, 763105535624825.87500000000000000, 0.00000000000000000, 0, []
gezdeojxgqge, 0, 1771196351, 791349196776027.25000000000000000, 0.00000000000000000, 0, ["argentinaeos","eosantpoolbp","eosbeijingbp","eosbixinboot","eoscannonchn","eosecoeoseco","eosflytomars","eosgalaxybp1","eoshenzhenio","eoshuobipool","eosiomeetone","eosisgravity","eoslaomaocom","eosninetiess","eospacificbp","eosstorebest","eosswedenorg","eosunion1111","eoswenzhoubp","eoswingdotio","geosoneforbp","jrrcryptoeos","oraclegogogo","philippinebp","qxeosqxeosbp","starteosiobp","unlimitedeos","zbeosbp11111"]
geydkmjxgene, 0, 1845143124, 0.00000000000000000, 0.00000000000000000, 0, []
hezdkmztguge, lukeeosproxy, 1839900000, 800419388046165.25000000000000000, 0.00000000000000000, 0, []
guzdknbsgege, 0, 1204213809, 816918061150014.00000000000000000, 0.00000000000000000, 0, []
ge3dimzrgige, 0, 1275000, 0.00000000000000000, 0.00000000000000000, 0, []
g44daobxgene, 0, 1802010000, 805116364019862.87500000000000000, 0.00000000000000000, 0, ["alohaeosprod","aus1genereos","bitfinexeos1","bitspacenode","blocksmithio","costaricaeos","cryptolions1","cypherglasss","eosamsterdam","eosauthority","eoscafeblock","eoscanadacom","eosdacserver","eosdublinwow","eosliquideos","eosmesodotio","eosmetaliobp","eosnairobike","eosnewyorkio","eosriobrazil","eosswedenorg","eostitanprod","eostribeprod","eosvenezuela","eosvibesbloc","eosyskoreabp","oraclegogogo","sheos21sheos","teamgreymass","tokenika4eos"]
iloveeos1314, cannonproxy1, 1778332000, 816004168374697.00000000000000000, 0.00000000000000000, 0, []
kj1ffmdwgdyy, 0, 420000, 0.00000000000000000, 0.00000000000000000, 0, []
puravida1111, 0, 2000, 0.00000000000000000, 0.00000000000000000, 0, []
haztgnztgene, eostitanvote, 1739145899, 698433669108027.87500000000000000, 0.00000000000000000, 0, []
gu3dsnjthage, 0, 1613818298, 0.00000000000000000, 0.00000000000000000, 0, []
gezdgnrugage, 0, 1725663226, 639750986346714.12500000000000000, 0.00000000000000000, 0, ["argentinaeos","costaricaeos","cypherglasss","eosauthority","eoslaomaocom","eosmesodotio","eosvenezuela","sheos21sheos"]
ge3tgmzxhege, 0, 1721400000, 0.00000000000000000, 0.00000000000000000, 0, []
guytanrxguge, 0, 1721010000, 0.00000000000000000, 0.00000000000000000, 0, []
14r31c5eosda, undefined, undefined, undefined, undefined, undefined, undefined
gq2dembvhege, 0, 5763, 0.00000000000000000, 0.00000000000000000, 0, []
g44dqnygenes, eosvoteproxy, 111101000, 50979726569952.74218750000000000, 0.00000000000000000, 0, []
ha3dgobugage, 0, 1677058695, 0.00000000000000000, 0.00000000000000000, 0, []
gu2dsnjygege, 0, 1676336381, 0.00000000000000000, 0.00000000000000000, 0, []
ge3tanbzhege, 0, 1675289030, 0.00000000000000000, 0.00000000000000000, 0, []
gm3dsnjzguge, eoshenzhenvp, 1630099750, 747986422595191.12500000000000000, 0.00000000000000000, 0, []
4everxiaonan, iamnotawhale, 1500015488, 679182111365800.00000000000000000, 0.00000000000000000, 0, []
guytcmbqgege, 0, 200000, 0.00000000000000000, 0.00000000000000000, 0, []
he4dmnrtgene, 0, 1653885450, 682138643662245.87500000000000000, 0.00000000000000000, 0, ["alohaeosprod","argentinaeos","aus1genereos","bitspacenode","costaricaeos","cryptolions1","eos42freedom","eosauthority","eoscafeblock","eoscanadacom","eosdublinwow","eosisgravity","eosliquideos","eosnairobike","eosnationftw","eosnewyorkio","eosriobrazil","eosswedenorg","eosyskoreabp","libertyblock","sheos21sheos","teamgreymass"]
g4ztomzwgyge, 0, 1646781300, 0.00000000000000000, 0.00000000000000000, 0, []
ge2tiobzhage, eosonebetter, 1640673799, 713749181031011.00000000000000000, 0.00000000000000000, 0, []
bbbbbbb11111, 0, 12000, 0.00000000000000000, 0.00000000000000000, 0, []
seniorholder, votetochange, 1624000000, 745187495608529.75000000000000000, 0.00000000000000000, 0, []
ge3deobtgege, 0, 117016750, 0.00000000000000000, 0.00000000000000000, 0, []
geytmmbwgene, 0, 1616714767, 0.00000000000000000, 0.00000000000000000, 0, []
heydinryg4ge, 0, 1406171008, 557234826164493.31250000000000000, 0.00000000000000000, 0, ["cypherglasss"]
ge3dmojrgage, 0, 1611115152, 629995801760512.75000000000000000, 0.00000000000000000, 0, ["argentinaeos","blocksmithio","cryptolions1","dutcheosxxxx","eos42freedom","eosafricaone","eosamsterdam","eosasia11111","eosauthority","eoscafeblock","eoscanadacom","eosdacserver","eoseouldotio","eosgermanybp","eosiomeetone","eosmesodotio","eosnairobike","eosnewyorkio","eosonoeosono","eosphereiobp","eosriobrazil","eosswedenorg","eostribeprod","eosyskoreabp","hkeoshkeosbp","jedaaaaaaaaa","libertyblock","sheos21sheos","teamgreymass","tokenika4eos"]
ge3dgnzwgige, 0, 1610257658, 0.00000000000000000, 0.00000000000000000, 0, []
ha4dsnqgenes, 0, 958114129, 364796145755926.12500000000000000, 0.00000000000000000, 0, ["prospectors1"]
undefined, undefined, undefined, undefined, undefined, undefined, undefined
thankyou1314, 0, 1580201000, 651747777848656.12500000000000000, 0.00000000000000000, 0, ["blocksmithio","eosadddddddd","eoscandyone1","eosdacserver","eoslaomaocom","eosphereiobp","geosoneforbp","keoskorea111","oraclegogogo","unlimitedeos"]
giztsobqgige, 0, 1529577600, 701860899681592.00000000000000000, 0.00000000000000000, 0, ["acroeos12345","alohaeosprod","argentinaeos","aus1genereos","costaricaeos","cryptolions1","cypherglasss","eos42freedom","eosafricaone","eosamsterdam","eosauthority","eoscanadacom","eosdacserver","eosdublinwow","eosflareiobp","eosiodetroit","eosiomeetone","eosiosg11111","eosisgravity","eosliquideos","eosnairobike","eosnationftw","eosnewyorkio","eosphereiobp","eosriobrazil","eosswedenorg","eosukblocpro","jedaaaaaaaaa","teamgreymass","tokenika4eos"]
ha2tomrqgmge, 0, 1564682700, 717969201129921.37500000000000000, 0.00000000000000000, 0, ["alohaeosprod","atticlabeosb","blockgenicbp","blockmatrix1","btccpooleos1","cochainworld","eosbixinboot","eoscannonchn","eosflytomars","eosgenblockp","eoshuobipool","eosiomeetone","eosiosg11111","eoslambdacom","eospaceioeos","eosphereiobp","eosplayworld","eostitanprod","eosuestciobp","eosvolgabpru","geosoneforbp","jrrcryptoeos","libertyblock","okcapitalbp1","onechaindapp","qxeosqxeosbp","sheleaders21","starteosiobp","tokenika4eos","unlimitedeos"]
geytqmjugqge, 0, 1564237679, 653821214575009.00000000000000000, 0.00000000000000000, 0, ["argentinaeos","aus1genereos","costaricaeos","cryptolions1","eos42freedom","eosafricaone","eosamsterdam","eosauthority","eoscafeblock","eoscanadacom","eosdublinwow","eosisgravity","eosliquideos","eosnationftw","eosnewyorkio","eosriobrazil","eossv12eossv","eosswedenorg","eostribeprod","eosvenezuela","libertyblock","sheos21sheos","teamgreymass"]
gyytsmzygyge, 0, 10000000, 0.00000000000000000, 0.00000000000000000, 0, []
gy3dkobsgige, 0, 1554400000, 0.00000000000000000, 0.00000000000000000, 0, []
hoowallet111, 0, 20000, 0.00000000000000000, 0.00000000000000000, 0, []
gyztqnzrgmge, 0, 1542995711, 0.00000000000000000, 0.00000000000000000, 0, []
yiyuncai1314, 0, 20200, 0.00000000000000000, 0.00000000000000000, 0, []
g44donagenes, 0, 1533872485, 0.00000000000000000, 0.00000000000000000, 0, []
wanglei11111, iamnotawhale, 1513680468, 685369387458892.87500000000000000, 0.00000000000000000, 0, []
geytinrxgene, 0, 2000, 0.00000000000000000, 0.00000000000000000, 0, []
g43tmojzhage, 0, 204000, 93607296246.39166259765625000, 0.00000000000000000, 0, ["acroeos12345","atticlabeosb","bchainlabeos","bpacbpacbpac","costaricaeos","eosafricaone","eosbarcelona","eoseouldotio","eosfutureldn","eosgermanybp","eosimperabpi","eosliquideos","eosmedinodes","eosmesodotio","eosnairobike","eosnewyorkio","eosnigeriago","eosnodeonebp","eosriobrazil","eosteaeostea","eostitanprod","eosvenezuela","eosvietnambp","eosyskoreabp","geosoneforbp","germaneostop","hexlantttttt","philippinebp","privexinceos","sheos21sheos"]
geytmmbzg4ge, 0, 1509262580, 574642576967618.37500000000000000, 0.00000000000000000, 0, ["eosvibesbloc"]
gmytomjvhage, 0, 1500934872, 556437982995054.68750000000000000, 0.00000000000000000, 0, ["bitfinexeos1","cypherglasss","eos42freedom","eosauthority","eoscanadacom","eosliquideos","eosnairobike","eosnationftw","eosnewyorkio","eosswedenorg","eosvibesbloc","tokenika4eos"]
xiaonanzhang, iamnotawhale, 1500000200, 679175189213194.50000000000000000, 0.00000000000000000, 0, []
wanglei44444, iamnotawhale, 1500000200, 679175189213194.50000000000000000, 0.00000000000000000, 0, []
gu3tenzwhege, 0, 1499944862, 0.00000000000000000, 0.00000000000000000, 0, []
gi2donjugqge, 0, 1499900000, 688243057058641.37500000000000000, 0.00000000000000000, 0, ["acroeos12345","argentinaeos","auroraeoscom","cryptolions1","eoseouldotio","eosiosg11111","eosnodeonebp","eosvenezuela","eosyskoreabp","hexlantttttt","oraclegogogo"]
ksmf4uoviepr, 0, 1500000000, 670181933524117.12500000000000000, 0.00000000000000000, 0, ["eosasia11111","eoscandyone1","eoscannonchn","eosiomeetone","eosisgravity","eoslaomaocom","eosonoeosono","helloeoscnbp","oraclegogogo"]
eosfilevault, 0, 200000, 0.00000000000000000, 0.00000000000000000, 0, []
gu2domryg4ge, 0, 1498015310, 0.00000000000000000, 0.00000000000000000, 0, []
heztamjugmge, 0, 1472416267, 545865349005355.00000000000000000, 0.00000000000000000, 0, ["bitfinexeos1","eosauthority","eosswedenorg","teamgreymass"]
ge2tkmjvgige, lukeeosproxy, 1044258861, 454288297452799.37500000000000000, 0.00000000000000000, 0, []
eeeeyyyyeeee, 0, 2000, 0.00000000000000000, 0.00000000000000000, 0, []
ge3tiobvgqge, 0, 1483000579, 0.00000000000000000, 0.00000000000000000, 0, []
imatchapower, eoshenzhenvp, 2242, 1001698596.64071369171142578, 0.00000000000000000, 0, []
heydenjrg4ge, 0, 1461480849, 0.00000000000000000, 0.00000000000000000, 0, []
geztoojrgage, 0, 1450021900, 656545844657737.87500000000000000, 0.00000000000000000, 0, ["eosbeijingbp","eoscanadacom","eoscannonchn","eoseouldotio","eosiomeetone","eosisgravity","eosnewyorkio","eossv12eossv","eosunion1111","oraclegogogo"]
gq4tmobxgmge, 0, 1453482078, 538845922557644.93750000000000000, 0.00000000000000000, 0, ["bp2bp2bp2bp2","cypherglasss","eosauthority","eoscafeblock","eoscanadacom","eoscannonchn","eosdacserver","eosisgravity","eosliquideos","eosnewyorkio","eosyskoreabp"]
geydonjxhage, 0, 1430515946, 530331743557826.06250000000000000, 0.00000000000000000, 0, ["acroeos12345","blockmatrix1","bp2bp2bp2bp2","bpacbpacbpac","bpkhmereoskh","cryptolions1","eosdublinwow","eosfishrocks","eosmetaliobp","eosnairobike","eosonoeosono","eosriobrazil","eossocalprod","eostribeprod","hkeoshkeosbp","libertyblock","philippinebp","saltblockeos","sheos21sheos"]
geztaobygene, 0, 4549491, 1952977105640.21533203125000000, 0.00000000000000000, 0, ["eosasia11111","eoslaomaocom"]
worblieosbp1, 0, 700000, 0.00000000000000000, 0.00000000000000000, 0, []
gyztmnbugyge, 0, 1409334959, 646686446164261.00000000000000000, 0.00000000000000000, 0, ["alohaeosprod","aus1genereos","costaricaeos","cryptolions1","cypherglasss","eos42freedom","eosafricaone","eosasia11111","eosauthority","eoscafeblock","eoscanadacom","eosdacserver","eosdublinwow","eoseouldotio","eosiodetroit","eosmedinodes","eosmetaliobp","eosnairobike","eosnationftw","eosnewyorkio","eosnodeonebp","eosphereiobp","eosriobrazil","eosswedenorg","eostitanprod","eostribeprod","eosvibesbloc","eosyskoreabp","teamgreymass","tokenika4eos"]
ge2tknjugqge, 0, 1406722585, 521510887936108.50000000000000000, 0.00000000000000000, 0, ["blockchained","eosauthority","eoscafeblock","eosswedenorg","tokenika4eos"]
gu4tqojxgege, 0, 1200572564, 550893880704107.87500000000000000, 0.00000000000000000, 0, ["bitfinexeos1","eos42freedom","eosasia11111","eosbeijingbp","eoscanadacom","eoscannonchn","eosdacserver","eoseouldotio","eoshuobipool","eosiomeetone","eosiosg11111","eosisgravity","eoslaomaocom","eosliquideos","eosnationftw","eosnewyorkio","eosstorebest","eossv12eossv","eosunion1111","eoswenzhoubp","eosyskoreabp","helloeoscnbp","libertyblock","oraclegogogo","sheos21sheos"]
ge4dombsguge, 0, 1399900000, 0.00000000000000000, 0.00000000000000000, 0, []
ha3danzxhege, 0, 1392577327, 0.00000000000000000, 0.00000000000000000, 0, []
ha2tomrqgqge, 0, 1380275900, 633352426828700.37500000000000000, 0.00000000000000000, 0, ["alohaeosprod","atticlabeosb","blockgenicbp","blockmatrix1","btccpooleos1","cochainworld","eosbixinboot","eoscannonchn","eoseouldotio","eosflytomars","eosgenblockp","eoshuobipool","eosiomeetone","eosiosg11111","eoslambdacom","eospaceioeos","eosplayworld","eosstorebest","eostitanprod","eosuestciobp","eosvolgabpru","geosoneforbp","jrrcryptoeos","libertyblock","okcapitalbp1","onechaindapp","qxeosqxeosbp","sheleaders21","starteosiobp","unlimitedeos"]
gu4tkmjsgige, 0, 1372941663, 566264467606392.12500000000000000, 0.00000000000000000, 0, ["atticlabeosb","blocksmithio","cryptolions1","cypherglasss","eosamsterdam","eosauthority","eoscafeblock","eoscanadacom","eosdacserver","eosdublinwow","eoseouldotio","eosiomeetone","eosisgravity","eosliquideos","eosnationftw","eosnewyorkio","eospaceioeos","eosphereiobp","eostitanprod","eostribeprod","eosvenezuela","eosvibesbloc","libertyblock","sheos21sheos","teamgreymass","tokenika4eos"]
ge3dqmjzgege, 0, 1366731512, 0.00000000000000000, 0.00000000000000000, 0, []
mylovemaggie, 0, 2000000, 0.00000000000000000, 0.00000000000000000, 0, []
freewallet12, 0, 26772, 0.00000000000000000, 0.00000000000000000, 0, []
geytcmjqgene, 0, 1339539575, 0.00000000000000000, 0.00000000000000000, 0, []
gu3diojyhage, 0, 1337903168, 0.00000000000000000, 0.00000000000000000, 0, []
eidnc131zcxz, undefined, undefined, undefined, undefined, undefined, undefined
ge4tinjwgige, 0, 1332539430, 0.00000000000000000, 0.00000000000000000, 0, []
gmytknjqgene, 0, 2000, 741455200.18946516513824463, 0.00000000000000000, 0, ["helloeoscnbp"]
gy2teobyhege, 0, 1329744059, 0.00000000000000000, 0.00000000000000000, 0, []
gy4dcmbvhege, ferdousbhai1, 1313027205, 534382113018807.75000000000000000, 0.00000000000000000, 0, []
gq4tonbrhege, 0, 11821205, 0.00000000000000000, 0.00000000000000000, 0, []
gy3dgnbsgige, 0, 1305809345, 0.00000000000000000, 0.00000000000000000, 0, []
ge2tonjtgige, cannonproxy1, 1100126559, 485014886043355.25000000000000000, 0.00000000000000000, 0, []
gq2tmmrugage, 0, 1299909215, 0.00000000000000000, 0.00000000000000000, 0, []
gi3toojuhage, 0, 1285578444, 0.00000000000000000, 0.00000000000000000, 0, []
g44tqojzgqge, investingwad, 1107010000, 501235750642498.81250000000000000, 0.00000000000000000, 0, []
nannannan333, 0, 140200, 64332073204.62799072265625000, 0.00000000000000000, 0, ["eoscannonchn","eosiomeetone","eosunion1111"]
gi4tcnjqhage, 0, 51047, 0.00000000000000000, 0.00000000000000000, 0, []
gm2tsmztgene, 0, 1257409124, 0.00000000000000000, 0.00000000000000000, 0, []
ha3tqmzwgene, 0, 1242876428, 0.00000000000000000, 0.00000000000000000, 0, []
gizdonbzgqge, 0, 1234278712, 515904723072405.81250000000000000, 0.00000000000000000, 0, ["argentinaeos","bitspacenode","cryptolions1","cypherglasss","eosantpoolbp","eosasia11111","eosauthority","eoscafeblock","eoscannonchn","eosdacserver","eosdublinwow","eosfishrocks","eosgenblockp","eoshuobipool","eosisgravity","eosliquideos","eosmetaliobp","eosnairobike","eosnationftw","eosonoeosono","eosphereiobp","eosriobrazil","eostribeprod","eosvenezuela","eosvibesbloc","libertyblock","sheleaders21","sheos21sheos","teamgreymass","tokenika4eos"]
geztemzqgyge, 0, 5494, 2177152080.03188085556030273, 0.00000000000000000, 0, ["eoswenzhoubp"]
t2jkavymxsoq, 0, 1223090000, 539226011878118.31250000000000000, 0.00000000000000000, 0, ["acroeos12345","eosasia11111","eoscandyone1","eoslaomaocom","eosonoeosono","eoswinwinwin","jedaaaaaaaaa"]
ge3tqoigenes, 0, 1222451500, 0.00000000000000000, 0.00000000000000000, 0, []
g44tgnqgenes, 0, 1214165265, 0.00000000000000000, 0.00000000000000000, 0, []
gi2tsnrrhege, votetochange, 1201600534, 544064774150113.75000000000000000, 0.00000000000000000, 0, []
ge3deojyguge, 0, 1200602846, 543613037586228.18750000000000000, 0.00000000000000000, 0, ["aus1genereos","bitfinexeos1","eoscanadacom","eosdacserver","eoseouldotio","eosiomeetone","eosisgravity","eoslaomaocom","eosnewyorkio","eospaceioeos","eosukblocpro","helloeoscnbp","jrrcryptoeos"]
zhangmeng135, undefined, undefined, undefined, undefined, undefined, undefined
vlxwpb2qiekh, 0, 1200000000, 543340078925211.68750000000000000, 0.00000000000000000, 0, ["argentinaeos","atticlabeosb","bitfinexeos1","cryptolions1","cypherglasss","eosamsterdam","eosantpoolbp","eosasia11111","eosbeijingbp","eoscafeblock","eoscanadacom","eosdacserver","eoseouldotio","eosgenblockp","eoshuobipool","eosiomeetone","eosisgravity","eoslaomaocom","eosliquideos","eosnationftw","eosnewyorkio","eosriobrazil","eosstorebest","eostitanprod","eostribeprod","eosyskoreabp","helloeoscnbp","oraclegogogo","teamgreymass"]
gezdkobygene, ferdousbhai1, 1200020000, 550640331576445.68750000000000000, 0.00000000000000000, 0, []
ge2dmnzwg4ge, 0, 6202000, 2361373898472.43750000000000000, 0.00000000000000000, 0, ["bpacbpacbpac"]
gezdinbwgene, 0, 1195976607, 493275916146886.06250000000000000, 0.00000000000000000, 0, ["alohaeosprod","argentinaeos","aus1genereos","cryptolions1","eoscafeblock","eosdublinwow","eosliquideos","eosriobrazil","eosswedenorg","libertyblock","teamgreymass"]
hazdemztgyge, 0, 1194895456, 0.00000000000000000, 0.00000000000000000, 0, []
ge4tmmbvgage, 0, 1186354715, 445716302183596.06250000000000000, 0.00000000000000000, 0, ["eosauthority","eoscanadacom","eosdacserver","eosriobrazil","eostribeprod","hkeoshkeosbp","libertyblock","sheos21sheos","teamgreymass","tokenika4eos"]
g44demzqgyge, 0, 1237059, 0.00000000000000000, 0.00000000000000000, 0, []
ge2denzzgqge, 0, 20000, 8817437995.21079063415527344, 0.00000000000000000, 0, ["eosnodeonebp","eosyskoreabp"]
guytsmjsgage, 0, 1170936500, 495996540592582.81250000000000000, 0.00000000000000000, 0, ["bitfinexeos1","eos42freedom","eosauthority","eosbixinboot","eoscanadacom","eosfishrocks","eoshuobipool","eoslaomaocom","eosnewyorkio","eosriobrazil","eosswedenorg","libertyblock","starteosiobp","teamgreymass","zbeosbp11111"]
dddvvv112233, 0, 2000, 0.00000000000000000, 0.00000000000000000, 0, []
geytsobrgene, 0, 1165166806, 0.00000000000000000, 0.00000000000000000, 0, []
gm3denbwguge, eosvoteproxy, 577441321, 264964317645856.59375000000000000, 0.00000000000000000, 0, []
gm3dcmzzgige, 0, 1154485787, 508980342161231.56250000000000000, 0.00000000000000000, 0, ["teamgreymass"]
gezdqmzqgege, 0, 2810, 1113541562.59366297721862793, 0.00000000000000000, 0, ["acroeos12345","cryptolions1","eosasia11111","eosauthority","eosbixinboot","eoscanadacom","eoscannonchn","eosecoeoseco","eoseouldotio","eosflytomars","eoshenzhenio","eosiomeetone","eosisgravity","eoslaomaocom","eosnationftw","eosnewyorkio","eosninetiess","eosonoeosono","eosstorebest","eosukblocpro","eosunion1111","eosvillagebp","eosyskoreabp","helloeoscnbp","hkeoshkeosbp","jedaaaaaaaaa","jrrcryptoeos","keoskorea111","top111111111"]
ge4dmnrwgmge, 0, 1148705339, 0.00000000000000000, 0.00000000000000000, 0, []
gqytsmzzgege, 0, 20000, 0.00000000000000000, 0.00000000000000000, 0, []
gmztqmjqgmge, 0, 1132772877, 0.00000000000000000, 0.00000000000000000, 0, []
gi3dembzhage, 0, 73082, 32219800178.29975128173828125, 0.00000000000000000, 0, ["eosbixinboot","eoscannonchn","eosdacserver","eosnewyorkio","eosstorebest"]
gm4tgmbwgyge, 0, 1125400000, 0.00000000000000000, 0.00000000000000000, 0, []
g44tamqgenes, 0, 1116000000, 512086973583201.43750000000000000, 0.00000000000000000, 0, ["argentinaeos","atticlabeosb","cochainworld","cryptolions1","cypherglasss","eosamsterdam","eosantpoolbp","eosasia11111","eosbixinboot","eoscafeblock","eosdacserver","eosgenblockp","eosiomeetone","eosiosg11111","eosisgravity","eosliquideos","eosnationftw","eospaceioeos","eospacificbp","eosriobrazil","eosstorebest","eosswedenorg","eostitanprod","eostribeprod","eosyskoreabp","helloeoscnbp","libertyblock","oraclegogogo","teamgreymass","unlimitedeos"]
fengyunxiao3, 0, 1115150000, 504921407511208.18750000000000000, 0.00000000000000000, 0, ["chainclubeos","eosadddddddd","eosasia11111","eosbeijingbp","eosbixinboot","eoscannonchn","eoscube11111","eosecoeoseco","eosgalaxybp1","eoshcchealth","eosholdings1","eosjapanclub","eoslaomaocom","eosmedinodes","eospaceioeos","eospacificbp","eospalliumss","eosphereiobp","eosstorebest","eossv12eossv","eostark11111","eosteaeostea","eosunion1111","eosvillagebp","jedaaaaaaaaa","jrrcryptoeos","qxeosqxeosbp","sheleaders21","superoneiobp","unlimitedeos"]
gu4tknjugqge, 0, 1111770177, 0.00000000000000000, 0.00000000000000000, 0, []
ge3tkmztgyge, 0, 1105600672, 0.00000000000000000, 0.00000000000000000, 0, []
guytsmzwguge, 0, 1100000000, 504745224857994.25000000000000000, 0.00000000000000000, 0, ["acroeos12345","argentinaeos","aus1genereos","blockmatrix1","blocksmithio","costaricaeos","cryptolions1","eos42freedom","eosafricaone","eosamsterdam","eosauthority","eoscafeblock","eosdacserver","eosiodetroit","eosliquideos","eosnationftw","eosnewyorkio","eospaygatebp","eosphereiobp","eosriobrazil","eosswedenorg","eostribeprod","libertyblock","teamgreymass"]
gq4toobzgage, 0, 1541, 0.00000000000000000, 0.00000000000000000, 0, []
hzhbit3evyvs, ylwtjauhwreq, 1099210000, 447361760833739.68750000000000000, 0.00000000000000000, 0, []
pinduoduoeos, 0, 10200, 0.00000000000000000, 0.00000000000000000, 0, []
2qcckb2bkedw, 0, 2000, 0.00000000000000000, 0.00000000000000000, 0, []
aaa12345aaas, 0, 2000, 0.00000000000000000, 0.00000000000000000, 0, []
gu4timjsgqge, 0, 1088350000, 414382664044256.25000000000000000, 0.00000000000000000, 0, ["eosvibesbloc"]
gi2tsnbtguge, 0, 1082966900, 0.00000000000000000, 0.00000000000000000, 0, []
gq2tkmbugqge, 0, 20727, 8435573927.45783138275146484, 0.00000000000000000, 0, ["eosbixinboot","eoscannonchn","eosisgravity","helloeoscnbp"]
aldhp1333335, 0, 12000, 0.00000000000000000, 0.00000000000000000, 0, []
ha2tsmbuhege, 0, 7383, 0.00000000000000000, 0.00000000000000000, 0, []
ge2danrxhage, 0, 39870, 0.00000000000000000, 0.00000000000000000, 0, []
daneosdaneos, 0, 1000000000, 446787955682744.75000000000000000, 0.00000000000000000, 0, ["argentinaeos","aus1genereos","costaricaeos","cryptolions1","cypherblocks","cypherglasss","eos42freedom","eosamsterdam","eosauthority","eosbarcelona","eosbeijingbp","eosbutterfly","eoscafeblock","eoscannonchn","eosdacserver","eosfishrocks","eosliquideos","eoslithuania","eoslovebirds","eosnewyorkio","eosriobrazil","eossafevault","eosvibesbloc","eoswondersbp","hkeoshkeosbp","libertyblock","starteosiobp","teamgreymass","unlimitedeos","zhaojingdong"]
gq3demrug4ge, 0, 1068748000, 0.00000000000000000, 0.00000000000000000, 0, []
ge2tmmbtgqge, 0, 1066112068, 0.00000000000000000, 0.00000000000000000, 0, []
gm4tinjvgene, 0, 1064999303, 394824635703752.93750000000000000, 0.00000000000000000, 0, ["eosecoeoseco","helloeoscnbp"]
guydcnzsgyge, 0, 1062704089, 0.00000000000000000, 0.00000000000000000, 0, []
zmetafndsa31, zenbpdesk313, 1000040000, 417997454096355.43750000000000000, 0.00000000000000000, 0, []
eoswalletsyj, 0, 2000200, 847263946843.64526367187500000, 0.00000000000000000, 0, ["eoscannonchn"]
gm2tqmzrhege, 0, 1056647509, 0.00000000000000000, 0.00000000000000000, 0, []
eoszxywjh311, cannonproxy1, 1056031200, 465574481350402.25000000000000000, 0.00000000000000000, 0, []
gyztqnjyhege, cannonproxy1, 1000021745, 440881486519999.81250000000000000, 0.00000000000000000, 0, []
12e4zuynljmq, lfqyulcwmxup, 1053960000, 428945698682079.18750000000000000, 0.00000000000000000, 0, []
np2zltjcvwis, 0, 1050000000, 416092042962044.87500000000000000, 0.00000000000000000, 0, ["bitfinexeos1","eos42freedom","eosamsterdam","eoscanadacom","eoshuobipool","eoslaomaocom","eosliquideos"]
ge2taojrgene, 0, 1040884922, 458896912994241.00000000000000000, 0.00000000000000000, 0, ["atticlabeosb","aus1genereos","blockchained","blocksmithio","cryptolions1","cypherglasss","eosafricaone","eosarabianet","eosdacserver","eosdublinwow","eoseouldotio","eosflareiobp","eosliquideos","eosnairobike","eosnodeonebp","eosphereiobp","eosriobrazil","eosrussiacom","eosvibesbloc","eosyskoreabp","keoskorea111","teamgreymass","tokenika4eos"]
gi3dimbxgage, 0, 1039031525, 0.00000000000000000, 0.00000000000000000, 0, []
huahua112233, 0, 2000, 0.00000000000000000, 0.00000000000000000, 0, []
oupan5tjrqhf, 0, 1029880000, 408118926862619.81250000000000000, 0.00000000000000000, 0, ["eoslaomaocom"]
itlwnmcj423x, 0, 1028700000, 447519661113696.50000000000000000, 0.00000000000000000, 0, ["eoslaomaocom"]
devintherich, 0, 1027608000, 471527482750794.31250000000000000, 0.00000000000000000, 0, ["acroeos12345","alohaeosprod","auroraeoscom","aus1genereos","bitspacenode","blocksmithio","eos42freedom","eosamsterdam","eosasia11111","eosauthority","eoscafeblock","eoscanadacom","eoseouldotio","eosfishrocks","eosflareiobp","eosiodetroit","eosliquideos","eosnairobike","eosnewyorkio","eosnodeonebp","eosphereiobp","eosvenezuela","eosyskoreabp","hexlantttttt","hkeoshkeosbp","jrrcryptoeos","keoskorea111","libertyblock","sheos21sheos","tokenika4eos"]
ge3tsmjwhege, 0, 1000013094, 412451524732650.62500000000000000, 0.00000000000000000, 0, ["bitfinexeos1","cypherglasss","eos42freedom","eosasia11111","eosauthority","eosbeijingbp","eoscafeblock","eoscanadacom","eoscannonchn","eosdacserver","eoseouldotio","eosiomeetone","eosisgravity","eoslaomaocom","eosliquideos","eosnewyorkio","eosstorebest","eosswedenorg","eosyskoreabp","ha4daobxg4ge","helloeoscnbp","sheos21sheos"]
gy2tsmrxhage, 0, 1009221248, 0.00000000000000000, 0.00000000000000000, 0, []
gezdsmjygige, 0, 1008825912, 0.00000000000000000, 0.00000000000000000, 0, []
ha2tsnzthege, 0, 20000, 8700683602.87151718139648438, 0.00000000000000000, 0, ["eosnodeonebp"]
